timestamp,vessel_id,lat,lon,speed,course,sensor
2025-03-25 00:00:00,1,28.149885100988744,-90.62533814888944,5.573320756606925,-37.45786185192798,AIS
2025-03-25 00:10:00,1,28.21393486260043,-90.71147068073768,7.321113848377946,-35.78684355233155,AIS
2025-03-25 00:20:00,1,28.197030467049345,-90.6603024453388,7.556018040353934,-37.48505508573968,AIS
2025-03-25 00:30:00,1,28.204580425957385,-90.479241725936,9.004053897878878,-33.38236671177281,AIS
2025-03-25 00:40:00,1,28.102975286693905,-90.47426811385726,7.0641661315976085,-29.434153483736576,AIS
2025-03-25 00:50:00,1,27.97523576058962,-90.5409159752676,8.907105195800302,-42.45670220877694,AIS
2025-03-25 01:00:00,1,28.002749294045618,-90.51233982981805,7.744380629469403,-49.30624423495071,AIS
2025-03-25 01:10:00,1,27.89299901090754,-90.46446963163508,8.927462431758583,-36.18147712159817,AIS
2025-03-25 01:20:00,1,27.95354089800585,-90.35528831923018,7.120463656990948,-33.89516208861064,AIS
2025-03-25 01:30:00,1,27.884953212385717,-90.43630661437145,7.609100206244899,-32.4442693956218,AIS
2025-03-25 01:40:00,1,27.913973926916967,-90.31073834926949,10.392365265937729,-33.2487379061032,AIS
2025-03-25 01:50:00,1,27.917804210741824,-90.15846334250078,6.705914676838751,-40.50723975867186,AIS
2025-03-25 02:00:00,1,27.927875957779083,-90.27049733106784,8.02968323030333,-29.96671886052535,AIS
2025-03-25 02:10:00,1,27.857048602165577,-90.10307357008686,9.49564413703347,-29.96633535911841,AIS
2025-03-25 02:20:00,1,27.745700782966537,-90.11129843067636,8.314271994506868,-41.94462600734937,AIS
2025-03-25 02:30:00,1,27.82702410708072,-90.07090342221724,8.045490080631097,-36.47875901256916,AIS
2025-03-25 02:40:00,1,27.66806703359982,-90.06151273014835,8.468439119445645,-39.46907362886349,AIS
2025-03-25 02:50:00,1,27.75791522936781,-90.08657277103056,5.876899649957558,-30.11466325318359,AIS
2025-03-25 03:00:00,1,27.651459661085717,-89.99823778285217,7.162483277174947,-43.34311251123411,AIS
2025-03-25 03:10:00,1,27.70621276780501,-89.98660343765901,9.66095248814794,-31.27675777659345,AIS
2025-03-25 03:20:00,1,27.59953592781091,-89.96667879340312,7.267538013279543,-41.37591436312294,AIS
2025-03-25 03:30:00,1,27.69145243920417,-89.86438529671541,9.150205542546631,-41.65005895269823,AIS
2025-03-25 03:40:00,1,27.56797146378259,-89.7739379461666,7.664989238066984,-30.157726413038382,AIS
2025-03-25 03:50:00,1,27.476514247780432,-89.86122830521808,8.379400612078136,-37.209180880509855,AIS
2025-03-25 04:00:00,1,27.534668313922293,-89.8521728094433,8.712264635470518,-22.32177907130052,AIS
2025-03-25 04:10:00,1,27.473157216465108,-89.7117949913019,8.17954948463868,-44.62317726160603,AIS
2025-03-25 04:20:00,1,27.46751878359918,-89.7539962698283,7.572320401876196,-29.098950959628407,AIS
2025-03-25 04:30:00,1,27.38127353988764,-89.60888701802926,9.01273905395637,-33.91959442716709,AIS
2025-03-25 04:40:00,1,27.32130990026589,-89.61079691615534,9.959411342388286,-45.438527522634445,AIS
2025-03-25 04:50:00,1,27.347890959155297,-89.5820022408423,8.120747363097138,-31.57222062171094,AIS
2025-03-25 05:00:00,1,27.41393774432769,-89.52813214174847,8.812341329976821,-32.81459798332123,AIS
2025-03-25 05:10:00,1,27.329043496898155,-89.50304040360444,7.002678531224099,-40.81351427075058,AIS
2025-03-25 05:20:00,1,27.239327207612583,-89.41898356311495,8.76094939312833,-33.695954468362615,AIS
2025-03-25 05:30:00,1,27.221524249350736,-89.30499307129176,9.51886562363154,-37.08329927139796,AIS
2025-03-25 05:40:00,1,27.179623369939225,-89.34900451396061,9.267298645054352,-33.64947382137651,AIS
2025-03-25 05:50:00,1,27.22044531156199,-89.3263429526624,8.45627089520223,-27.5905764503664,AIS
2025-03-25 06:00:00,1,27.152457373320583,-89.26879724480337,8.253816476549627,-33.89467192879191,AIS
2025-03-25 06:10:00,1,27.065669304668887,-89.33002974910256,6.980344929078161,-34.47358723063875,AIS
2025-03-25 06:20:00,1,27.135779492850588,-89.22294372917767,9.377257482867307,-36.029178579278025,AIS
2025-03-25 06:30:00,1,27.08092542054014,-89.16633187959674,8.134026792746665,-31.79092833742908,AIS
2025-03-25 06:40:00,1,27.085015228602007,-89.16177851797973,9.523663776478529,-40.78843099478168,AIS
2025-03-25 06:50:00,1,27.027516843488897,-89.09080088450548,6.9510083226815125,-35.68890164751625,AIS
2025-03-25 07:00:00,1,26.958337740197727,-89.03365937854568,8.403085961219366,-27.95365186278073,AIS
2025-03-25 07:10:00,1,26.9825705758717,-89.02808969260485,7.608380189280399,-34.61340817707428,AIS
2025-03-25 07:20:00,1,26.94369734249142,-88.88477264705833,9.395352929756957,-37.1079783388584,AIS
2025-03-25 07:30:00,1,26.88341513068698,-89.04582852555325,7.45107958667778,-40.20358723806851,AIS
2025-03-25 07:40:00,1,26.86492895026953,-88.85862026811247,8.177192329198988,-35.4631387428848,AIS
2025-03-25 07:50:00,1,26.86447221480668,-88.84472905377164,8.197018932543475,-51.46857374724365,AIS
2025-03-25 08:00:00,1,26.812851370842697,-88.80418938604288,7.658738283793414,-36.4030300181618,AIS
2025-03-25 08:10:00,1,26.833304487298552,-88.7887758014374,10.200702099217128,-31.87181405653665,AIS
2025-03-25 08:20:00,1,26.769646554940497,-88.72942733491035,7.913477713617865,-39.88983405736698,AIS
2025-03-25 08:30:00,1,26.737024726601277,-88.66538372879424,8.57954161557323,-32.41484981192542,AIS
2025-03-25 08:40:00,1,26.69986391231386,-88.7103457021368,7.330897373766555,-27.25233349358515,AIS
2025-03-25 08:50:00,1,26.730233641390637,-88.58128429507563,7.238705755239876,-35.295072932778204,AIS
2025-03-25 09:00:00,1,26.594470227514996,-88.58758580305577,7.754796658314805,-37.12149836697316,AIS
2025-03-25 09:10:00,1,26.676906694428897,-88.59114893985286,7.134567728484846,-42.18673856275819,AIS
2025-03-25 09:20:00,1,26.539031873319686,-88.47423353420888,6.399559466943728,-31.54395481345891,AIS
2025-03-25 09:30:00,1,26.560381681185003,-88.43722059728505,8.322576737997204,-37.48413130890505,AIS
2025-03-25 09:40:00,1,26.596169391897707,-88.41060083512784,8.59407025523907,-36.30886062143336,AIS
2025-03-25 09:50:00,1,26.530912061559267,-88.34712425016369,8.24996993945553,-40.18483795575169,AIS
2025-03-25 10:00:00,1,26.50998506679337,-88.33727891800667,8.630488030489918,-46.07576592970861,AIS
2025-03-25 10:10:00,1,26.38675840324123,-88.26338247532509,9.86292758510523,-31.13800497359091,AIS
2025-03-25 10:20:00,1,26.39771460371196,-88.32638105908084,8.742686221161618,-35.71621481786185,AIS
2025-03-25 10:30:00,1,26.433195297394654,-88.19623718708154,8.029642925120495,-20.52017147818121,AIS
2025-03-25 10:40:00,1,26.37517652452564,-88.17018806853486,7.8785513245959775,-38.23098229118538,AIS
2025-03-25 10:50:00,1,26.396812603391663,-88.1401372096414,8.63594270564459,-33.89028355857931,AIS
2025-03-25 11:00:00,1,26.380078187840503,-88.06166419798303,6.7866152190523525,-41.9457376329168,AIS
2025-03-25 11:10:00,1,26.361370288115708,-88.07333240287579,6.679397420210348,-38.661391706995886,AIS
2025-03-25 11:20:00,1,26.32600603123824,-88.07413119754011,7.13350479624039,-38.64733625162969,AIS
2025-03-25 11:30:00,1,26.17203820929416,-88.0225605993984,6.481892024736341,-37.6192357733307,AIS
2025-03-25 11:40:00,1,26.1886751974588,-87.9576948250631,6.346302161032359,-29.04661897336712,AIS
2025-03-25 11:50:00,1,26.111789633665172,-87.86988991663192,6.925233406881125,-31.971714373939456,AIS
2025-03-25 12:00:00,1,26.19785812896012,-87.88789596644456,6.0762842703028745,-31.83436211194905,AIS
2025-03-25 12:10:00,1,26.215679474615428,-87.7834542449987,8.160544421479718,-31.214495659596142,AIS
2025-03-25 12:20:00,1,26.131965125657576,-87.80591209856148,7.340848689303352,-32.25768095736754,AIS
2025-03-25 12:30:00,1,26.05833465206169,-87.65885606196038,7.2956578528712415,-31.560249123304686,AIS
2025-03-25 12:40:00,1,26.054490154582147,-87.69123190481916,9.175910771834609,-31.912941043309942,AIS
2025-03-25 12:50:00,1,25.95893283392256,-87.6131227774928,9.3749906314942,-35.96552215257021,AIS
2025-03-25 13:00:00,1,25.9685713351504,-87.6388397537761,7.986396114324649,-31.882295277382543,AIS
2025-03-25 13:10:00,1,25.91194364876869,-87.63289895931091,7.624250089018074,-42.21192360094084,AIS
2025-03-25 13:20:00,1,25.95081092188974,-87.54713925465386,6.244598155449193,-37.05633628133964,AIS
2025-03-25 13:30:00,1,25.886842186613883,-87.4635716703663,7.85463645684579,-25.96966642344805,AIS
2025-03-25 13:40:00,1,25.84236067940462,-87.44937206334353,7.897089385737329,-36.72644062968221,AIS
2025-03-25 13:50:00,1,25.8472400873102,-87.37941425593466,9.340098703536434,-43.15957934461941,AIS
2025-03-25 14:00:00,1,25.786424600447223,-87.38908807694227,8.937850297361706,-37.09661401301381,AIS
2025-03-25 14:10:00,1,25.689005900561547,-87.32253666736145,7.966310768459061,-34.41454087879052,AIS
2025-03-25 14:20:00,1,25.70357947224452,-87.2011951413807,7.676140216214653,-36.254783000115424,AIS
2025-03-25 14:30:00,1,25.682410123881013,-87.29392066050877,6.777263040251214,-37.27985296655288,AIS
2025-03-25 14:40:00,1,25.651354396511618,-87.10477087813389,6.111507619613185,-40.95495144855606,AIS
2025-03-25 14:50:00,1,25.65098570310458,-87.13414336617036,7.5862431186199375,-31.933481742632203,AIS
2025-03-25 15:00:00,1,25.593539166140896,-87.12507705826067,9.744041087010832,-40.15202068614448,AIS
2025-03-25 15:10:00,1,25.635680680478163,-87.07791892387137,5.74846501401213,-38.25815144000049,AIS
2025-03-25 15:20:00,1,25.643082828026674,-87.0417351010914,6.787731037103937,-31.85941234306888,AIS
2025-03-25 15:30:00,1,25.53439202157364,-86.99071013319173,8.376920114437631,-40.90677671337496,AIS
2025-03-25 15:40:00,1,25.56966250665405,-87.01931179453766,6.69421413365836,-39.72744364625728,AIS
2025-03-25 15:50:00,1,25.48468953930216,-86.92368988153396,7.22741626762756,-31.589202145671518,AIS
2025-03-25 16:00:00,1,25.48639018627548,-86.92412363499142,8.888992917594855,-29.507956919414674,AIS
2025-03-25 16:10:00,1,25.4407056783108,-86.86035656136445,6.226228646743648,-37.350861669604434,AIS
2025-03-25 16:20:00,1,25.402887513600987,-86.79756212363341,7.831573568369527,-34.09316401694462,AIS
2025-03-25 16:30:00,1,25.46599029977243,-86.7965504838082,7.5090277174341535,-41.85912527916,AIS
2025-03-25 00:00:00,2,29.021734790863437,-93.11910948508066,8.035940502503918,6.877711017907748,AIS
2025-03-25 00:10:00,2,29.130970859263584,-93.01420909309702,7.775687214029099,5.036567885379139,AIS
2025-03-25 00:20:00,2,29.1650815804781,-93.06059750111002,8.728535400835133,2.1333975709519963,AIS
2025-03-25 00:30:00,2,29.09040598207989,-93.04196733935296,6.619648676345701,11.117491561521817,AIS
2025-03-25 00:40:00,2,29.085017037656623,-92.91871762639808,7.543574043856408,-1.0985395090074035,AIS
2025-03-25 00:50:00,2,29.128201434899932,-92.73329614169954,7.413384049147786,3.3986468530449185,AIS
2025-03-25 01:00:00,2,29.067160685196168,-92.67780214127798,8.18904344241411,-2.7818990161675363,AIS
2025-03-25 01:10:00,2,29.1722768922541,-92.63847671873562,8.161456363407636,-5.569788237418317,AIS
2025-03-25 01:20:00,2,29.21885906091238,-92.62763561290986,9.170454297361454,-0.1272694253001489,AIS
2025-03-25 01:30:00,2,29.11220846298905,-92.58228472125307,9.11340167803588,3.342146741121369,AIS
2025-03-25 01:40:00,2,29.071837007588247,-92.51937355465488,9.629534194510766,2.95622801259972,AIS
2025-03-25 01:50:00,2,29.14368701339294,-92.54026583940968,6.5970109122771605,-0.5612640937806463,AIS
2025-03-25 02:00:00,2,29.12343089386237,-92.4166012532964,8.165956974474177,10.636734855370204,AIS
2025-03-25 02:10:00,2,29.14523018710499,-92.31324879340282,7.960670665355084,9.871714658414367,AIS
2025-03-25 02:20:00,2,29.05131498023432,-92.34107215393372,8.983033396259241,1.7692165740019847,AIS
2025-03-25 02:30:00,2,29.193950373830265,-92.23654789823738,8.945876983713035,5.69253524042978,AIS
2025-03-25 02:40:00,2,29.183595378840742,-92.12584407179509,8.98647401870094,7.596230135967611,AIS
2025-03-25 02:50:00,2,29.153472909078527,-92.17422498941994,7.340439911727704,6.381919586233964,AIS
2025-03-25 03:00:00,2,29.033067981926184,-92.15515702612076,7.03674631412121,1.3890897068174777,AIS
2025-03-25 03:10:00,2,29.025958147277205,-91.97152768935253,8.600175236329594,12.550108592578397,AIS
2025-03-25 03:20:00,2,29.213179811552948,-91.92761042570082,10.250676031030869,-0.2275938340015866,AIS
2025-03-25 03:30:00,2,29.087435207133527,-91.93541289985949,7.17500794615284,1.3429697951633268,AIS
2025-03-25 03:40:00,2,29.11263621657228,-91.84006666443858,8.512982849598725,2.4925836474442007,AIS
2025-03-25 03:50:00,2,29.183265280243518,-91.82022884194416,8.75203366826728,2.9754003477123425,AIS
2025-03-25 04:00:00,2,29.15695296281877,-91.71131271986702,9.260821269226762,9.314465728491625,AIS
2025-03-25 04:10:00,2,29.12325054858677,-91.72917994154268,6.298503905252308,1.4343715092675318,AIS
2025-03-25 04:20:00,2,29.196109512765812,-91.65376327764262,9.930850867048305,0.5979797247287784,AIS
2025-03-25 04:30:00,2,29.123416933256674,-91.56336364636007,8.14993382849816,5.37540957928749,AIS
2025-03-25 04:40:00,2,29.195570796559625,-91.52426620644336,5.877701116957408,-1.0033735373011674,AIS
2025-03-25 04:50:00,2,29.153404193111857,-91.49851834914308,7.551608361539059,4.691290408724019,AIS
2025-03-25 05:00:00,2,29.215503603433287,-91.48236781636032,8.686804406794678,5.556037293620918,AIS
2025-03-25 05:10:00,2,29.211287020289785,-91.44134613220068,8.440582300289,3.0401736979669134,AIS
2025-03-25 05:20:00,2,29.23858155973776,-91.22589920581058,9.588067885594262,3.190417461485203,AIS
2025-03-25 05:30:00,2,29.19298286037996,-91.22818526915162,6.884960046580559,-4.626219107738439,AIS
2025-03-25 05:40:00,2,29.17198910435419,-91.1434198754428,7.668871701717528,10.140101129332738,AIS
2025-03-25 05:50:00,2,29.058749028790373,-91.22847428024431,7.876311267144301,7.06816930698994,AIS
2025-03-25 06:00:00,2,29.19721255699781,-91.09856223390604,7.878258504742908,-6.18729207171981,AIS
2025-03-25 06:10:00,2,29.261136194644997,-91.0725834704497,9.089532657214454,2.2745795104738136,AIS
2025-03-25 06:20:00,2,29.25917980927864,-90.96594797318538,7.893325509441758,3.758504835629076,AIS
2025-03-25 06:30:00,2,29.1346619484458,-90.92747504365217,9.716040322112132,9.16816442022914,AIS
2025-03-25 06:40:00,2,29.161598688755664,-90.84715785522025,8.247979884747538,6.713138000872602,AIS
2025-03-25 06:50:00,2,29.218096551155863,-90.82878298522007,9.330630776360648,3.7091794416456128,AIS
2025-03-25 07:00:00,2,29.278701161966257,-90.71305411317276,7.675512758481092,1.7921952284997646,AIS
2025-03-25 07:10:00,2,29.31495860655808,-90.69686494484444,7.241371576639976,-3.3730197896395544,AIS
2025-03-25 07:20:00,2,29.269712645610205,-90.64309001283809,7.207908049471016,6.000120756468688,AIS
2025-03-25 07:30:00,2,29.2315324975893,-90.67879409020746,8.588685554710812,9.29315011450173,AIS
2025-03-25 07:40:00,2,29.354076613357314,-90.53869084624266,8.232649658210546,10.660180626459583,AIS
2025-03-25 07:50:00,2,29.237059254161704,-90.4713345190682,7.369381608569424,-4.344678963280385,AIS
2025-03-25 08:00:00,2,29.27679657659506,-90.49344576183924,9.140656242947465,-1.3136311941527352,AIS
2025-03-25 08:10:00,2,29.24696291671317,-90.39304647434297,9.17460023795734,4.131428611318468,AIS
2025-03-25 08:20:00,2,29.3341950254078,-90.37328240951948,27.781758785037784,2.8639060048212275,AIS
2025-03-25 08:30:00,2,29.25277647533448,-90.1839681047474,29.33288892063636,-3.110430443100473,AIS
2025-03-25 08:40:00,2,29.26799387667781,-90.22921076991216,26.46386115798057,7.856483240452407,AIS
2025-03-25 08:50:00,2,29.213740375598697,-90.1720819552598,29.33650658935795,7.358126084012504,AIS
2025-03-25 09:00:00,2,29.275475903882253,-90.10948182225312,30.41792564001475,-3.1734517073820805,AIS
2025-03-25 09:10:00,2,29.21094369829875,-90.0751457687247,31.671121295813567,12.561011786131372,AIS
2025-03-25 09:20:00,2,29.217701020028247,-90.00188380560539,31.16757922191428,5.630052071838099,AIS
2025-03-25 09:30:00,2,29.17514109101541,-89.97708746609477,26.927756332632384,-7.897445547609248,AIS
2025-03-25 09:40:00,2,29.261348590315706,-89.83637714542974,29.154299446937163,-1.973268942162505,AIS
2025-03-25 09:50:00,2,29.22789036617314,-89.7308674493693,29.614994475303277,-1.0541230710627958,AIS
2025-03-25 10:00:00,2,29.22575635580896,-89.81438271949422,29.180089710698716,8.068298982532285,AIS
2025-03-25 10:10:00,2,29.30855799009218,-89.76913405623355,29.506956934775776,0.6163979249229738,AIS
2025-03-25 10:20:00,2,29.30583074585792,-89.66290416523019,28.847887227185986,1.834170565493066,AIS
2025-03-25 10:30:00,2,29.15989346810997,-89.59740169437673,26.9094891844642,6.362838658669769,AIS
2025-03-25 10:40:00,2,29.237795409011085,-89.57466808722525,28.414221106860857,5.516166371407466,AIS
2025-03-25 10:50:00,2,29.265838651730306,-89.4069739535958,29.69357340259973,11.204539561135515,AIS
2025-03-25 11:00:00,2,29.26514894538151,-89.5078466527796,28.92321078646153,0.5454701737866827,AIS
2025-03-25 11:10:00,2,29.281312236198737,-89.34699836260815,25.80729298964671,10.772802626948051,AIS
2025-03-25 11:20:00,2,29.32569107604299,-89.30546642642378,26.24476344650015,5.4119592969223,AIS
2025-03-25 11:30:00,2,29.290323404355465,-89.28313435941101,27.18151676651596,4.063268004802401,AIS
2025-03-25 11:40:00,2,29.30508119055478,-89.15825134094581,27.590372996911267,-1.6388109786172411,AIS
2025-03-25 11:50:00,2,29.210748434185557,-89.16345502695715,28.31454645680771,2.1367386863175644,AIS
2025-03-25 12:00:00,2,29.21557347067679,-89.04801929960632,26.04581099339154,-1.4892292227868924,AIS
2025-03-25 12:10:00,2,29.334937260114877,-88.99876665131895,29.589911668212583,-2.1152965306848217,AIS
2025-03-25 12:20:00,2,29.377846270286003,-88.97202776049735,24.28487135146003,6.491423578650105,AIS
2025-03-25 12:30:00,2,29.380826656904645,-88.96059747729684,29.057403372541128,12.342997453909105,AIS
2025-03-25 12:40:00,2,29.246427029789555,-88.90786778717523,29.01306685524004,1.8355609150394616,AIS
2025-03-25 12:50:00,2,29.294295623696303,-88.81003097354693,29.28819730826653,-0.4861208441189037,AIS
2025-03-25 13:00:00,2,29.32239787367883,-88.76199079030502,21.866024734150667,4.6739717249137644,AIS
2025-03-25 13:10:00,2,29.348464720246927,-88.77154962304522,25.30144903116772,11.869096354702789,AIS
2025-03-25 13:20:00,2,29.332015329785666,-88.62169801076726,27.29460796518596,4.75387588492949,AIS
2025-03-25 13:30:00,2,29.303405263870857,-88.4251543357197,28.33656407560972,2.4355905115698047,AIS
2025-03-25 13:40:00,2,29.19624768916369,-88.49308560151772,27.83721719582941,2.3232260702273564,AIS
2025-03-25 13:50:00,2,29.29362651688155,-88.49999871943764,26.37250680005873,2.4119877213823204,AIS
2025-03-25 14:00:00,2,29.319927509282135,-88.44544047552462,30.566087973539148,9.169788861915649,AIS
2025-03-25 14:10:00,2,29.36917746839198,-88.33802373180443,28.648058999178804,8.911300759527384,AIS
2025-03-25 14:20:00,2,29.384227886853,-88.35473170194327,27.21049016235364,-0.7889331147133847,AIS
2025-03-25 14:30:00,2,29.23808310846214,-88.21665082397197,26.02485693932208,7.511804423160475,AIS
2025-03-25 14:40:00,2,29.29501363123537,-88.27948126164343,28.136426579834524,-4.409146216693275,AIS
2025-03-25 14:50:00,2,29.2572112527889,-88.25733774337073,30.51740088153601,-2.5683253160363875,AIS
2025-03-25 15:00:00,2,29.229331419429357,-88.10750431083945,28.07035965484793,-2.8441704955943856,AIS
2025-03-25 15:10:00,2,29.456943956149622,-88.03313346235477,27.93590513365711,-5.476563301313723,AIS
2025-03-25 15:20:00,2,29.33060001203089,-87.99264988400498,28.132564789289745,3.258100004688657,AIS
2025-03-25 15:30:00,2,29.404980557170774,-87.95713385588022,28.241231735371844,-7.583285477191554,AIS
2025-03-25 15:40:00,2,29.277996279876227,-87.83150183264327,27.53362685073109,-2.021361571926521,AIS
2025-03-25 15:50:00,2,29.315867856497327,-87.83192553184116,26.05428998946361,3.25977913013674,AIS
2025-03-25 16:00:00,2,29.28503566742893,-87.73501786316378,31.05802861823429,9.228538194946069,AIS
2025-03-25 16:10:00,2,29.3550734576364,-87.76066572246377,29.27498520451948,-4.24528779523,AIS
2025-03-25 16:20:00,2,29.330760847012588,-87.66305291515096,32.23426679299803,-7.415730741567566,AIS
2025-03-25 16:30:00,2,29.31462084112198,-87.59930305947569,28.99511188393508,8.959343093614795,AIS
2025-03-25 00:00:00,3,25.086513140457075,-82.8270214696229,8.935988450876318,-18.271726835704133,AIS
2025-03-25 00:10:00,3,25.019893950775533,-82.81995263512346,9.052401068873978,-20.914849497834343,AIS
2025-03-25 00:20:00,3,25.05632711141197,-82.89216192323586,6.798063319133027,-22.526750348571696,AIS
2025-03-25 00:30:00,3,25.115112166155303,-82.9544813154004,7.685925625757726,-19.604042695635805,AIS
2025-03-25 00:40:00,3,25.07527466788892,-82.90438062448122,6.81784710867294,-14.726995647743072,AIS
2025-03-25 00:50:00,3,25.0020119369571,-82.77633475420538,7.517634684891508,-14.773840808530313,AIS
2025-03-25 01:00:00,3,25.03532659190283,-82.86642439329289,8.856554856393462,-20.259778671185977,AIS
2025-03-25 01:10:00,3,25.121951472014477,-82.74482434824642,7.770573371056204,-22.421160568349865,AIS
2025-03-25 01:20:00,3,25.04383338548778,-82.76125737685163,7.118251473268192,-15.963124694912109,AIS
2025-03-25 01:30:00,3,25.015938719308064,-82.7732527902435,7.459311662627497,-19.01773622331813,AIS
2025-03-25 01:40:00,3,24.994346389387708,-82.72668642272758,10.766603071101873,-20.4408698603917,AIS
2025-03-25 01:50:00,3,25.000390908133987,-82.79815291487576,8.050221924764069,-25.71897727628302,AIS
2025-03-25 02:00:00,3,24.99645536467551,-82.68852159902727,6.269010550177848,-19.3855087980427,AIS
2025-03-25 02:10:00,3,25.023601154970557,-82.74229050493422,7.607690807870912,-29.326154370924016,AIS
2025-03-25 02:20:00,3,25.08029256856654,-82.6422408653647,7.8204114990208975,-20.9900017133158,AIS
2025-03-25 02:30:00,3,25.05123182775288,-82.64481083202945,8.330816771275753,-12.579674758207515,AIS
2025-03-25 02:40:00,3,24.970493415524643,-82.67606784590001,7.175499425246379,-13.0295033878385,AIS
2025-03-25 02:50:00,3,24.985515313925625,-82.6278861693294,8.97364437979916,-15.183035631649188,AIS
2025-03-25 03:00:00,3,24.95030363567977,-82.63269997201147,6.42947139893879,-29.142267164666176,AIS
2025-03-25 03:10:00,3,24.95397882705796,-82.61009645275028,9.858474409806185,-19.88013378655987,AIS
2025-03-25 03:20:00,3,24.863262798062863,-82.4758337168642,8.161710309417595,-16.647925158169464,AIS
2025-03-25 03:30:00,3,24.987614139642265,-82.51327587751663,8.523342630434543,-18.979019201386464,AIS
2025-03-25 03:40:00,3,24.891335231077488,-82.49110062121511,9.02390550499254,-21.22310462326408,AIS
2025-03-25 03:50:00,3,24.967361762854416,-82.46979129910359,9.815652063919106,-21.436574063533797,AIS
2025-03-25 04:00:00,3,24.918338569387583,-82.4779508686121,7.89760892489631,-31.535911114806503,AIS
2025-03-25 04:10:00,3,24.893950411027934,-82.43844355351872,7.991743485332146,-24.16951833102065,AIS
2025-03-25 04:20:00,3,24.88598406606766,-82.45255198850211,7.198428219197579,-22.738075612251997,AIS
2025-03-25 04:30:00,3,24.885395648277672,-82.37133631499817,9.016391268541076,-15.504897088061629,AIS
2025-03-25 04:40:00,3,24.926842369785525,-82.43285450679046,8.959830449993731,-21.744075492632145,AIS
2025-03-25 04:50:00,3,24.899802015814902,-82.31186088121453,8.08399285613164,-18.93640240884689,AIS
2025-03-25 05:00:00,3,24.821152556677276,-82.33575496836397,7.019993352697519,-15.113124278195482,AIS
2025-03-25 05:10:00,3,24.875703697693623,-82.45324740039443,7.6419798974366575,-21.312995251464574,AIS
2025-03-25 05:20:00,3,24.90234954343134,-82.28924686400248,7.672235755278812,-15.10848158576562,AIS
2025-03-25 05:30:00,3,24.712865141269955,-82.33980545867736,6.887635729162813,-26.443740112959595,AIS
2025-03-25 05:40:00,3,24.912345351845143,-82.24398101406611,7.224229979589778,-14.28253754023519,AIS
2025-03-25 05:50:00,3,24.86257550347556,-82.28785726429737,7.307077203627563,-24.064181192350453,AIS
2025-03-25 06:00:00,3,24.87428302730058,-82.21559883945153,8.23850121218791,-30.42391094695048,AIS
2025-03-25 06:10:00,3,24.85860434280592,-82.20117028153919,7.330794394535551,-19.956569845543225,AIS
2025-03-25 06:20:00,3,24.7437343206134,-82.27227208806639,7.675764651759473,-21.721578280115523,AIS
2025-03-25 06:30:00,3,24.847654629741086,-82.25145342955012,7.658793935379327,-22.62172146210204,AIS
2025-03-25 06:40:00,3,24.84961331042773,-82.1023885470465,9.720920319810077,-28.01502279419178,AIS
2025-03-25 06:50:00,3,24.81395420271642,-82.21040067621841,7.93525504851376,-18.058226161955247,AIS
2025-03-25 07:00:00,3,24.81357158281428,-82.13855832088716,9.483039174765302,-16.567875601515446,AIS
2025-03-25 07:10:00,3,24.78900644037739,-82.11623069314393,8.870897806789399,-17.123870029838596,AIS
2025-03-25 07:20:00,3,24.774527483844405,-82.18753692848513,6.81534250722731,-19.44292643496741,AIS
2025-03-25 07:30:00,3,24.69959707197066,-82.08772803657205,7.546430823812471,-15.176558544798974,AIS
2025-03-25 07:40:00,3,24.71616334900601,-82.15803028585754,7.580359258389892,-16.99900690206738,AIS
2025-03-25 07:50:00,3,24.82870359570132,-82.08824171298174,8.470263747596187,-25.72997479884676,AIS
2025-03-25 08:00:00,3,24.73090841805164,-81.99572915109361,8.718150542551843,-25.169726306402584,AIS
2025-03-25 08:10:00,3,24.78523683305213,-82.0988674032988,7.797341092834446,-25.8440626914267,AIS
2025-03-25 08:20:00,3,24.71424907547059,-82.05057980548474,8.553626395338984,-17.403450207875654,AIS
2025-03-25 08:30:00,3,24.713216145788977,-81.9493303477966,8.261272553135376,-20.815081331702203,AIS
2025-03-25 08:40:00,3,24.848826803609963,-81.99148691921704,8.014305090713137,-22.084757706512782,AIS
2025-03-25 08:50:00,3,24.71547141847443,-81.92280591339673,7.705604299810355,-24.47495636049618,AIS
2025-03-25 09:00:00,3,24.733413919679105,-81.85299345650488,8.942766379978499,-19.15760011799144,AIS
2025-03-25 09:10:00,3,24.68357482966634,-81.88412208406385,9.084643023345938,-14.216876248400055,AIS
2025-03-25 09:20:00,3,24.73147114890977,-81.8929949493334,7.797247250567128,-16.312592923342468,AIS
2025-03-25 09:30:00,3,24.740946232250185,-81.94399559517325,8.658617564792277,-16.61638085988735,AIS
2025-03-25 09:40:00,3,24.655411475831524,-81.8756931956188,7.242835901882365,-23.574136572649227,AIS
2025-03-25 09:50:00,3,24.622075693297244,-81.80312306857127,7.21428060123249,-20.52474174049144,AIS
2025-03-25 10:00:00,3,24.661176859079674,-81.78735231422029,6.989382963928049,-18.94649568555266,AIS
2025-03-25 10:10:00,3,24.698686474604475,-81.74006498627146,9.967769089390655,-30.63333141130608,AIS
2025-03-25 10:20:00,3,24.688355266101112,-81.79823638285298,6.07494132708884,-15.964669443501714,AIS
2025-03-25 10:30:00,3,24.73209166915237,-81.76369315153887,8.210916296222011,-20.493206260850776,AIS
2025-03-25 10:40:00,3,24.68033368393745,-81.68141850380898,8.344937335693396,-18.4439729127342,AIS
2025-03-25 10:50:00,3,24.714752753251545,-81.71501192760527,8.92306457129895,-24.282824670992586,AIS
2025-03-25 11:00:00,3,24.72526229901896,-81.65122107211904,7.59624046610854,-30.74556329548333,AIS
2025-03-25 11:10:00,3,24.638034641401735,-81.72853633741748,8.299634603179747,-12.916978446032612,AIS
2025-03-25 11:20:00,3,24.63919529247329,-81.65968002293644,8.342205403995859,-18.744571579485616,AIS
2025-03-25 11:30:00,3,24.50619122298602,-81.62006607425795,8.620277356117697,-21.469530731498526,AIS
2025-03-25 11:40:00,3,24.666404507890825,-81.61983017143189,8.76699876248041,-8.80729702472422,AIS
2025-03-25 11:50:00,3,24.60579912310764,-81.69188657623991,7.663408275924391,-28.802272583985346,AIS
2025-03-25 12:00:00,3,24.634322696456152,-81.51064594448361,8.695879661717541,-18.57128149630364,AIS
2025-03-25 12:10:00,3,24.56465665783306,-81.47866453112819,8.753276211999319,-18.75047477638724,AIS
2025-03-25 12:20:00,3,24.6002880722368,-81.53319917573528,8.45221642395941,-23.23945845534301,AIS
2025-03-25 12:30:00,3,24.65944967855981,-81.51249708126534,8.6000544504725,-22.340658948382124,AIS
2025-03-25 12:40:00,3,24.595075234113477,-81.61553521546561,6.881701121541842,-20.329888325967303,AIS
2025-03-25 12:50:00,3,24.503347777507138,-81.3608104161983,6.331918686090612,-18.443318814855303,AIS
2025-03-25 13:00:00,3,24.645402216258848,-81.44005029166222,7.689772446618625,-22.93354297919892,AIS
2025-03-25 13:10:00,3,24.58941845859893,-81.4854617039262,7.880513890191246,-16.71682953144459,AIS
2025-03-25 13:20:00,3,24.533503858406657,-81.4224061946059,7.695913707450989,-25.02181057756933,AIS
2025-03-25 13:30:00,3,24.60149745954675,-81.33846190832746,7.683300046096644,-21.5007033534279,AIS
2025-03-25 13:40:00,3,24.52628709393681,-81.36250858191657,7.09469973475847,-20.61544908779794,AIS
2025-03-25 13:50:00,3,24.541472139219437,-81.33868016336977,5.21916272511858,-18.15580651219243,AIS
2025-03-25 14:00:00,3,24.538758650132092,-81.3017293842454,7.473735984779305,-22.764588586380324,AIS
2025-03-25 14:10:00,3,24.574734266944795,-81.4116071566291,9.6290902913814,-7.39335026389586,AIS
2025-03-25 14:20:00,3,24.531623147421723,-81.27407792288408,6.510418292900656,-23.645621493522853,AIS
2025-03-25 14:30:00,3,24.55378581612025,-81.27802560445505,7.818572536973229,-19.008476898337268,AIS
2025-03-25 14:40:00,3,24.519383638552824,-81.29210468209978,7.971054055023261,-20.354359434029664,AIS
2025-03-25 14:50:00,3,24.43456299084143,-81.24260369088873,9.803585914613093,-11.51301190910403,AIS
2025-03-25 15:00:00,3,24.40649910069456,-81.21158538653411,8.675503780905773,-22.2253748741532,AIS
2025-03-25 15:10:00,3,24.42525118932669,-81.28749118847779,7.555296221149969,-18.422776876998928,AIS
2025-03-25 15:20:00,3,24.45870040784912,-81.23333065242362,6.7508433686491,-18.419241268093508,AIS
2025-03-25 15:30:00,3,24.51307256456112,-81.23046362185346,8.448428964148723,-29.570198779586995,AIS
2025-03-25 15:40:00,3,24.420014262340757,-81.12897084251719,6.882232790610379,-23.195006184097146,AIS
2025-03-25 15:50:00,3,24.51692803478482,-81.18342677274688,7.146055180770736,-17.29358075038163,AIS
2025-03-25 16:00:00,3,24.536908497095915,-81.14010159634022,8.7687358603186,-13.44397665945996,AIS
2025-03-25 16:10:00,3,24.448591552657348,-81.12294751927602,7.123673261374513,-27.298877364640312,AIS
2025-03-25 16:20:00,3,24.481041157343675,-81.08173729217093,9.332800942422931,-15.228195978286472,AIS
2025-03-25 16:30:00,3,24.38774966966227,-81.13146300969431,8.412669582936916,-23.335356981741075,AIS
2025-03-25 00:00:00,4,29.64948557670544,-83.98402561817392,8.934100620407984,-95.64347527938428,AIS
2025-03-25 00:10:00,4,29.70202085136743,-84.04487959921849,6.942922858467702,-97.62199325175376,AIS
2025-03-25 00:20:00,4,29.701942417667038,-83.95571264475646,6.933387257955271,-97.55687702074071,AIS
2025-03-25 00:30:00,4,29.55524834261098,-84.02408667408146,8.613274991056505,-97.9584054467762,AIS
2025-03-25 00:40:00,4,29.47980132172897,-83.93886498381264,6.2903390978397145,-101.98520146487564,AIS
2025-03-25 00:50:00,4,29.40445766313596,-84.05048731304105,7.271246954708625,-94.73379496649808,AIS
2025-03-25 01:00:00,4,29.45070500819705,-83.96852663287717,6.980437873470991,-97.71326424880156,AIS
2025-03-25 01:10:00,4,29.36904688201881,-84.00855398466454,9.305747399509237,-100.55284593367224,AIS
2025-03-25 01:20:00,4,29.30480484696865,-84.04644110439295,8.251075019089523,-102.57065931940066,AIS
2025-03-25 01:30:00,4,29.201097244434276,-84.06951054800594,7.436330688844953,-89.43655842778836,AIS
2025-03-25 01:40:00,4,29.25686948076546,-84.04986292492106,8.172933294209505,-105.14835484650416,AIS
2025-03-25 01:50:00,4,29.139690022291653,-84.03747514208862,9.145684213401225,-95.54215115757736,AIS
2025-03-25 02:00:00,4,29.120854397126543,-84.03679316963552,8.269001189672128,-104.15997063562703,AIS
2025-03-25 02:10:00,4,29.028927265339288,-83.98616241056482,8.823896442609245,-94.70500226062649,AIS
2025-03-25 02:20:00,4,29.003656168786048,-84.03116011707347,7.055110591047187,-105.07647256602095,AIS
2025-03-25 02:30:00,4,28.931771330281634,-84.0434614703434,8.10782988226861,-92.10638136172744,AIS
2025-03-25 02:40:00,4,28.919003438289945,-84.07434094978773,9.327484954015636,-91.51429586366484,AIS
2025-03-25 02:50:00,4,28.84708160196949,-84.13796098901808,7.092638507744487,-97.98343044737294,AIS
2025-03-25 03:00:00,4,28.784200852416376,-84.0061458158421,6.3198658510553685,-97.49746369039823,AIS
2025-03-25 03:10:00,4,28.699785351797622,-84.08941927525933,8.38226483289201,-99.2006596280217,AIS
2025-03-25 03:20:00,4,28.73017600142015,-84.11141615209915,7.82060438724383,-99.26561838304671,AIS
2025-03-25 03:30:00,4,28.686748399741195,-84.10078516825737,9.573239629782792,-90.82605037183023,AIS
2025-03-25 03:40:00,4,28.63245117025168,-84.22190776011652,6.515671687959363,-92.24492189200303,AIS
2025-03-25 03:50:00,4,28.53153576646544,-84.10841892629647,7.369524600000275,-94.58674160337095,AIS
2025-03-25 04:00:00,4,28.55377244621496,-84.1868679375285,7.186428574512462,-105.49481682261074,AIS
2025-03-25 04:10:00,4,28.46809856917021,-84.21587600795957,7.63391830510136,-94.57811902328817,AIS
2025-03-25 04:20:00,4,28.509888104881057,-84.12041650617256,9.252884741974922,-95.88038054315336,AIS
2025-03-25 04:30:00,4,28.3730008831851,-84.15560900454443,7.616729867096366,-91.3042839982387,AIS
2025-03-25 04:40:00,4,28.326827684925632,-84.1344734787804,7.391824739568934,-98.90138341309436,AIS
2025-03-25 04:50:00,4,28.36202374600188,-84.16088882391489,9.326168059591998,-99.77743331262258,AIS
2025-03-25 05:00:00,4,28.24928168499888,-84.14924938882004,7.596286894656864,-93.93336026322976,AIS
2025-03-25 05:10:00,4,28.082587535545372,-84.1412335336851,8.786903221911645,-95.81080881538873,AIS
2025-03-25 05:20:00,4,28.175861170383733,-84.17959506423469,7.850860815348844,-95.40097711041216,AIS
2025-03-25 05:30:00,4,28.10425555276309,-84.15392345214623,7.7733869253374,-102.1523139818454,AIS
2025-03-25 05:40:00,4,28.044599457492936,-84.22811947795137,7.181724632039733,-100.44939063616565,AIS
2025-03-25 05:50:00,4,27.96486618960201,-84.23468117382109,6.86431196321497,-100.4703844782411,AIS
2025-03-25 06:00:00,4,27.90336941330965,-84.17837756356815,8.06726691076374,-102.57848523219656,AIS
2025-03-25 06:10:00,4,27.874524364979788,-84.19117944727445,7.545036809585448,-101.157405050092,AIS
2025-03-25 06:20:00,4,27.77381500526665,-84.24013327555538,10.214242036435872,-101.6215367999049,AIS
2025-03-25 06:30:00,4,27.777501725897253,-84.2554732259006,7.494016884214679,-100.7068569529342,AIS
2025-03-25 06:40:00,4,27.754817141402174,-84.20703814102363,7.870656198859196,-94.66150002270332,AIS
2025-03-25 06:50:00,4,27.70248556143908,-84.27475472113971,8.547252413183031,-100.76433317806024,AIS
2025-03-25 07:00:00,4,27.65776429260361,-84.20143448121917,8.403703050696777,-98.22580646207236,AIS
2025-03-25 07:10:00,4,27.54011732265641,-84.257851276491,8.76915476405353,-100.58782998429058,AIS
2025-03-25 07:20:00,4,27.51946160237952,-84.33827673639227,8.2603746585243,-102.35381684305692,AIS
2025-03-25 07:30:00,4,27.40162645835779,-84.23118497019802,8.21033753013381,-99.3930622041922,AIS
2025-03-25 07:40:00,4,27.402983765729616,-84.14979446229104,7.805855706977033,-98.18225489734012,AIS
2025-03-25 07:50:00,4,27.40125906804436,-84.2652109701693,8.987428449757573,-95.78893074654148,AIS
2025-03-25 08:00:00,4,27.35725351578208,-84.25363050275234,8.645303764823641,-97.38943960518309,AIS
2025-03-25 08:10:00,4,27.280880702087156,-84.29557423443046,8.60416950738634,-103.9063681787789,AIS
2025-03-25 08:20:00,4,27.25661638228664,-84.23834662862815,8.74176177791472,-97.69666335353526,AIS
2025-03-25 08:30:00,4,27.19612628291613,-84.3333022659053,8.837102213901042,-102.6722512089107,AIS
2025-03-25 08:40:00,4,27.15110663299179,-84.2740658991463,8.406727836263695,-99.41159297718848,AIS
2025-03-25 08:50:00,4,27.10998364314623,-84.39878744837401,8.777221812367959,-96.2189852082876,AIS
2025-03-25 09:00:00,4,27.075078519693484,-84.30314719236884,9.838190146759713,-101.8852714231929,AIS
2025-03-25 09:10:00,4,27.00355620656001,-84.3636753024413,7.873613819545775,-93.4643118177388,AIS
2025-03-25 09:20:00,4,26.954912611513997,-84.22162358033448,7.6485932666365,-90.74616803522126,AIS
2025-03-25 09:30:00,4,26.861481340415494,-84.36687095513544,6.377046438582976,-96.36282162644142,AIS
2025-03-25 09:40:00,4,26.798686324059737,-84.29567551859861,7.471599245065567,-99.5591825438619,AIS
2025-03-25 09:50:00,4,26.79303962273063,-84.25821603355195,6.911350119063852,-92.0881107322922,AIS
2025-03-25 10:00:00,4,26.769567378467396,-84.36154955834617,21.653062084744825,35.54163319169716,AIS
2025-03-25 10:10:00,4,26.794986790747423,-84.36233246078436,21.50500634173845,33.470570482509785,AIS
2025-03-25 10:20:00,4,26.542299920239124,-84.37611080155936,25.146761014151785,44.8296829050239,AIS
2025-03-25 10:30:00,4,26.602125733573068,-84.37864767832093,23.179084912149232,54.61968655817199,AIS
2025-03-25 10:40:00,4,26.50913482882283,-84.341292154463,23.621372698696423,70.47869783635755,AIS
2025-03-25 10:50:00,4,26.539014899612837,-84.33781312646042,21.85688215519552,43.18137935803206,AIS
2025-03-25 11:00:00,4,26.44608283443799,-84.39872453673443,22.246720437965205,52.48541528760117,AIS
2025-03-25 11:10:00,4,26.43649613017169,-84.31659422834642,22.26831566397511,42.311487326519234,AIS
2025-03-25 11:20:00,4,26.33750321733748,-84.39718776134677,20.926093906847555,37.25650516076228,AIS
2025-03-25 11:30:00,4,26.308255602507057,-84.33435359892981,22.404209025040597,35.01121750064908,AIS
2025-03-25 11:40:00,4,26.227154389548325,-84.4673910872651,19.278951102152696,46.15239529753264,AIS
2025-03-25 11:50:00,4,26.14225729578807,-84.40819197510844,23.743944876455124,51.61810950634805,AIS
2025-03-25 12:00:00,4,26.15682848844225,-84.33756201596177,21.97316823912701,49.03001832386183,AIS
2025-03-25 12:10:00,4,26.056725825775025,-84.44369118604773,19.529326445558283,38.103598355425625,AIS
2025-03-25 12:20:00,4,25.96104421734491,-84.41938152415976,24.51710306393773,56.84118747595956,AIS
2025-03-25 12:30:00,4,25.966420210210668,-84.50312765315694,20.932640993445386,62.54312258414242,AIS
2025-03-25 12:40:00,4,25.918960557071355,-84.48664301574999,20.923163662279656,36.76807961528423,AIS
2025-03-25 12:50:00,4,25.896737478139556,-84.43311890489205,24.303876352251063,58.07740053379758,AIS
2025-03-25 13:00:00,4,25.907956653150137,-84.49258935774198,21.117160746095266,44.50911175416021,AIS
2025-03-25 13:10:00,4,25.801557515107643,-84.57111666118918,21.487450027762414,50.041385551044655,AIS
2025-03-25 13:20:00,4,25.782482188070663,-84.44142733332058,24.35108787770084,50.32154542362952,AIS
2025-03-25 13:30:00,4,25.63907522168581,-84.45118406891103,21.829143382616543,31.53699990756258,AIS
2025-03-25 13:40:00,4,25.61254945727477,-84.47338055603709,23.16694469787754,32.77052851050891,AIS
2025-03-25 13:50:00,4,25.64316684044839,-84.45910010280193,21.71930039725656,54.58235643832263,AIS
2025-03-25 14:00:00,4,25.48464900168164,-84.49891467748489,23.21683819022248,53.38713275324771,AIS
2025-03-25 14:10:00,4,25.54814050576802,-84.42188909426774,23.048381852773588,46.45859461383743,AIS
2025-03-25 14:20:00,4,25.42623797960016,-84.50694817549869,22.45323193663266,45.92070264720434,AIS
2025-03-25 14:30:00,4,25.41582683145129,-84.48310438477854,22.72386614833373,50.35236441004911,AIS
2025-03-25 14:40:00,4,25.35979451611526,-84.60056515386302,22.199992738292952,50.13814122464058,AIS
2025-03-25 14:50:00,4,25.253481372749057,-84.51835608199708,20.97276845746073,41.93043322251115,AIS
2025-03-25 15:00:00,4,25.25091832858771,-84.50793636687887,22.34574784153551,64.2351298256754,AIS
2025-03-25 15:10:00,4,25.19000082116556,-84.61824622072903,22.79348626619444,43.65264053269836,AIS
2025-03-25 15:20:00,4,25.142038558790183,-84.55595831226314,21.669664207298105,52.441655087469385,AIS
2025-03-25 15:30:00,4,25.122328573297263,-84.51530106647489,21.854108020986185,51.373809855456,AIS
2025-03-25 15:40:00,4,24.98296983651693,-84.52326660985933,22.76740608413981,32.53922032799956,AIS
2025-03-25 15:50:00,4,25.00465890217689,-84.5847251178458,22.709177534082517,49.65623814010766,AIS
2025-03-25 16:00:00,4,24.96922880162677,-84.58884563787633,23.19500180215821,36.629166121680406,AIS
2025-03-25 16:10:00,4,24.866316075907747,-84.64162650869189,23.641165150198024,43.33202508709757,AIS
2025-03-25 16:20:00,4,24.820765666676007,-84.55976944258565,24.98241150005213,62.52432954558074,AIS
2025-03-25 16:30:00,4,24.82392414031828,-84.54400261593359,21.087909712432225,31.3078140510299,AIS
2025-03-25 00:00:00,5,26.2579819422806,-94.2207291109927,7.496415431550494,17.109415469460927,AIS
2025-03-25 00:10:00,5,26.3054438041372,-94.16496463603568,6.722489396437048,12.953669078199797,AIS
2025-03-25 00:20:00,5,26.24416165018096,-94.10352398957043,6.197709253326639,9.154896124200391,AIS
2025-03-25 00:30:00,5,26.23734428516057,-94.17702868839034,8.957578748497138,0.1872225248143681,AIS
2025-03-25 00:40:00,5,26.25957776360705,-94.0955535772685,8.98011750600836,9.203625277998295,AIS
2025-03-25 00:50:00,5,26.23929503679674,-94.10516855648278,8.15103669025072,12.29603015583491,AIS
2025-03-25 01:00:00,5,26.08651860626609,-94.1632274695836,7.136776937151493,15.164063890493804,AIS
2025-03-25 01:10:00,5,26.207853102720986,-94.14358986156353,7.8456159940675985,5.511038696799363,AIS
2025-03-25 01:20:00,5,26.315337355058777,-94.09521829169294,9.832905932294317,8.800420995404185,AIS
2025-03-25 01:30:00,5,26.257684071486697,-94.0198158174211,7.34466307333352,19.506856182909488,AIS
2025-03-25 01:40:00,5,26.31394755060393,-94.05962135303878,7.839202002922923,26.20255326628657,AIS
2025-03-25 01:50:00,5,26.317538093285517,-94.02129312945156,7.867423244816613,17.134824744099948,AIS
2025-03-25 02:00:00,5,26.22049263149095,-94.022266005579,5.166342543986497,9.28197645114029,AIS
2025-03-25 02:10:00,5,26.342108859671743,-93.92848468666996,8.605970238180038,15.148857538187332,AIS
2025-03-25 02:20:00,5,26.21722101637377,-94.01590454336448,9.474405015912122,9.329714528277972,AIS
2025-03-25 02:30:00,5,26.299520542612143,-94.00665357629468,7.066248514509756,9.597668448300103,AIS
2025-03-25 02:40:00,5,26.27657043626574,-93.90289001136796,8.215369597889294,17.04343371291621,AIS
2025-03-25 02:50:00,5,26.24356493124104,-93.87388206793064,8.021456224044906,21.145756501328343,AIS
2025-03-25 03:00:00,5,26.31359157133465,-93.99421444025604,9.284220627873838,11.266573390080964,AIS
2025-03-25 03:10:00,5,26.21192819611464,-93.89667423963644,8.23122812585812,17.32957829734172,AIS
2025-03-25 03:20:00,5,26.143462830382557,-93.8308801241314,7.525403245258033,21.58025412030292,AIS
2025-03-25 03:30:00,5,26.24022704374654,-93.84544627697296,8.411718830755268,9.838440929395697,AIS
2025-03-25 03:40:00,5,26.290754370378437,-93.8757900976366,7.653279709437557,5.681824548510178,AIS
2025-03-25 03:50:00,5,26.382397845981725,-93.89610248775467,9.023190977780008,3.0043417544440114,AIS
2025-03-25 04:00:00,5,26.327192320314865,-93.8339974212669,7.984205628056442,16.730493979095165,AIS
2025-03-25 04:10:00,5,26.329238020171864,-93.83316818931132,7.800672415139277,16.85404885854737,AIS
2025-03-25 04:20:00,5,26.282378605608315,-93.8456947679695,6.043301747576719,22.08525806013064,AIS
2025-03-25 04:30:00,5,26.287975288446223,-93.8733225499548,7.191100861354585,8.886738340439353,AIS
2025-03-25 04:40:00,5,26.422538896767666,-93.78668555262202,8.291769280709376,2.9951155570724737,AIS
2025-03-25 04:50:00,5,26.36296884314002,-93.83027002776124,7.686404951167139,8.149659675783962,AIS
2025-03-25 05:00:00,5,26.358786815254557,-93.7004994044004,6.664104049201875,6.266922439586505,AIS
2025-03-25 05:10:00,5,26.36885626253876,-93.68224517834923,9.417375195094795,9.589555928935216,AIS
2025-03-25 05:20:00,5,26.28790645034128,-93.69166780209336,7.205356282112043,7.326913592866221,AIS
2025-03-25 05:30:00,5,26.436192809650382,-93.65445287174909,7.271922135723667,11.85545690399034,AIS
2025-03-25 05:40:00,5,26.364803678371366,-93.66152355554378,7.594060386642094,2.448701942513392,AIS
2025-03-25 05:50:00,5,26.32357359087243,-93.68076778988024,8.028111766266225,6.537542769797875,AIS
2025-03-25 06:00:00,5,26.385008918362708,-93.65762115785874,7.240524898110173,5.597633960876494,AIS
2025-03-25 06:10:00,5,26.401322814132875,-93.60173503969044,8.80022088178898,14.695455708849964,AIS
2025-03-25 06:20:00,5,26.413508537898323,-93.5882329021806,6.241590321399541,10.553420183466862,AIS
2025-03-25 06:30:00,5,26.313986263916046,-93.523265853571,7.985986275293583,18.29779380812458,AIS
2025-03-25 06:40:00,5,26.33739284425999,-93.58070954232232,8.263374249708892,10.294503852681055,AIS
2025-03-25 06:50:00,5,26.40160200068198,-93.4863975328743,6.9680865770006974,-1.2405978557432675,AIS
2025-03-25 07:00:00,5,26.47554730950645,-93.58447844172368,9.122499696222588,15.208581082052747,AIS
2025-03-25 07:10:00,5,26.38798533448344,-93.51026771459158,6.859465735636507,12.378500352662574,AIS
2025-03-25 07:20:00,5,26.43182525646964,-93.55239121457264,7.619708902888319,13.511982179455238,AIS
2025-03-25 07:30:00,5,26.4715905035584,-93.4982219444315,7.569340155391031,11.216935708026368,AIS
2025-03-25 07:40:00,5,26.46673918727123,-93.51452944341148,7.699767602894135,8.787710689524348,AIS
2025-03-25 07:50:00,5,26.401818135027398,-93.45615867068506,9.033878201521118,1.3261381569791464,AIS
2025-03-25 08:00:00,5,26.443111979399653,-93.49581256910398,8.593070005130313,18.14718952720465,AIS
2025-03-25 08:10:00,5,26.46842085605684,-93.42772476015809,8.834498933959066,7.232094898745222,AIS
2025-03-25 08:20:00,5,26.41855317301224,-93.344038768514,7.210744470223641,12.935360405895674,AIS
2025-03-25 08:30:00,5,26.40678948053355,-93.41415737104072,8.406071195146511,10.601420054631596,AIS
2025-03-25 08:40:00,5,26.428381363665828,-93.41402073519276,6.174971674829071,12.914485221842384,AIS
2025-03-25 08:50:00,5,26.453828894670597,-93.30407252268397,7.868134536862962,4.9754719236517815,AIS
2025-03-25 09:00:00,5,26.397458554979664,-93.33055120280925,7.915470489366925,13.345469001492448,AIS
2025-03-25 09:10:00,5,26.42080852960424,-93.24846999855416,9.727988011281491,7.291036453432184,AIS
2025-03-25 09:20:00,5,26.487217658029454,-93.31114694894954,8.013559525289672,7.650574633977722,AIS
2025-03-25 09:30:00,5,26.5261462118916,-93.25247677556402,6.542899947380865,18.866471121995225,AIS
2025-03-25 09:40:00,5,26.44645433854689,-93.32501884550648,7.023422235422235,16.673116140002303,AIS
2025-03-25 09:50:00,5,26.47167159998158,-93.3232262569998,7.188902211669048,10.01139906263063,AIS
2025-03-25 10:00:00,5,26.42935509347308,-93.2375195495608,8.378736993083809,8.77076506639625,AIS
2025-03-25 10:10:00,5,26.375408496361647,-93.31499815269294,8.87005550883045,6.974962212993773,AIS
2025-03-25 10:20:00,5,26.46714429938922,-93.3208456902226,8.397059835663004,21.54664660855372,AIS
2025-03-25 10:30:00,5,26.39848774974088,-93.18959257425878,8.27246193311461,16.53843431146933,AIS
2025-03-25 10:40:00,5,26.4616326671695,-93.1878258147933,8.18197412814947,14.813228675552422,AIS
2025-03-25 10:50:00,5,26.429542619730395,-93.17623424800937,8.810325597484525,17.788967537821684,AIS
2025-03-25 11:00:00,5,26.499588272603056,-93.2268441369587,6.4464218244799305,13.992142384901674,AIS
2025-03-25 11:10:00,5,26.42752321101352,-93.11241920413838,7.71221563643888,17.007094297663528,AIS
2025-03-25 11:20:00,5,26.587699801747902,-93.14214169238429,7.883999613531026,17.01647932671252,AIS
2025-03-25 11:30:00,5,26.537907793752243,-93.03833477440112,8.19656961931617,8.784679788987003,AIS
2025-03-25 11:40:00,5,28.988401797070765,-90.13898626664476,28.697242444575835,7.607816141363761,AIS
2025-03-25 11:50:00,5,29.03642000886926,-90.05731992344143,27.180030966392057,12.076897314478328,AIS
2025-03-25 12:00:00,5,28.98480111198959,-90.01097129517677,29.147507523077863,12.677598853587517,AIS
2025-03-25 12:10:00,5,28.95509433588864,-90.11981609549436,28.529861877607097,8.758704893616649,AIS
2025-03-25 12:20:00,5,29.02502709520804,-90.06469808058542,26.546391008852428,12.986090803092978,AIS
2025-03-25 12:30:00,5,29.05443662653212,-90.14144819051369,28.7820642441935,23.032955247032803,AIS
2025-03-25 12:40:00,5,28.88267949469298,-89.97200994121674,28.13725091856077,18.3775198524448,AIS
2025-03-25 12:50:00,5,29.00246152734884,-89.9390144543104,28.412111623927466,12.932915044205846,AIS
2025-03-25 13:00:00,5,28.956244095051943,-89.93727157374097,29.52404659979881,11.26213172787656,AIS
2025-03-25 13:10:00,5,29.06509367302384,-89.91270803930257,27.87007783793788,15.083929262567525,AIS
2025-03-25 13:20:00,5,28.943925001966736,-89.97532009387261,28.758021731383128,18.665954819929176,AIS
2025-03-25 13:30:00,5,29.05781609632709,-89.94318239728162,27.40161132965785,11.83287362050969,AIS
2025-03-25 13:40:00,5,29.03607040672627,-89.91606115175291,27.42619507171989,15.578638637295509,AIS
2025-03-25 13:50:00,5,28.977465185168143,-89.86607767864577,27.781852486326848,8.338636001211198,AIS
2025-03-25 14:00:00,5,28.892223752252026,-89.89706371812439,27.379618597584923,16.08437712096596,AIS
2025-03-25 14:10:00,5,29.103113492372422,-89.9481598411108,28.56786149833852,9.62884331269784,AIS
2025-03-25 14:20:00,5,29.0372702588224,-89.86330221168,26.676563734198737,7.499459296283956,AIS
2025-03-25 14:30:00,5,29.058137671338777,-89.8018711658506,28.829547144318905,11.851720798832014,AIS
2025-03-25 14:40:00,5,29.01602979468904,-89.77202195337452,27.23847141270833,19.4925401528254,AIS
2025-03-25 14:50:00,5,28.97334572919621,-89.75949783642942,28.37770456381625,8.323147331722284,AIS
2025-03-25 15:00:00,5,29.0785477257919,-89.71729562698813,26.812566738527856,16.060105601981654,AIS
2025-03-25 15:10:00,5,29.007810888668217,-89.76449374214042,28.477732373758418,18.159097693916767,AIS
2025-03-25 15:20:00,5,29.052450935853564,-89.76359794984279,29.084007495943617,15.289451183883877,AIS
2025-03-25 15:30:00,5,29.05322774219216,-89.73946723373784,28.009771172941942,12.185212649360713,AIS
2025-03-25 15:40:00,5,29.0132811882463,-89.72511132901639,29.54868223877797,15.445657352839838,AIS
2025-03-25 15:50:00,5,29.162978081265667,-89.67526034943361,27.86009264805829,10.152531001206109,AIS
2025-03-25 16:00:00,5,28.993424227979865,-89.70125653262713,28.411367751879883,5.942128052176362,AIS
2025-03-25 16:10:00,5,29.132025393547984,-89.64327281718144,27.074533026902397,9.711813761473213,AIS
2025-03-25 16:20:00,5,29.10369048862255,-89.65108962118526,28.438430902824454,13.249062991517832,AIS
2025-03-25 16:30:00,5,29.053427066180397,-89.59517051302053,27.43186070728825,13.745451932809978,AIS
